 {
   "menu" : {
    "0" :  {
       "id" : 0,
       "name" : "진라면",
       "price" : 3000,
       "count" : 0,
       "img" : "images/jin_ramen.jpg"
     },
    "1" : {
       "id" : 1,
       "name" : "신라면",
       "price" : 3000,
       "count" : 0,
       "img" : "images/sin_ramen.png"
     },
    "2" : {
       "id" : 2,
       "name" : "너구리",
       "price" : 3000,
       "count" : 0,
       "img" : "images/nuguri.jpg"
     },
    "3" : {
       "id" : 3,
       "name" : "짜파게티",
       "price" : 3000,
       "count" : 0,
       "img" : "images/jjapa.jpg"
     },
   "4" : {
       "id" : 4,
       "name" : "참꺠라면",
       "price" : 2000,
       "count" : 0,
       "img" : "images/chamggae.jpg"
     },
    "5" : {
       "id" : 5,
       "name" : "왕뚜껑",
       "price" : 3000,
       "count" : 0,
       "img" : "images/kingcap.jpg"
     },
    "6" : {
       "id" : 6,
       "name" : "치킨너겟",
       "price" : 3000,
       "count" : 0,
       "img" : "images/chickinnuget.jpg"
     },
    "7" : {
       "id" : 7,
       "name" : "핫도그",
       "price" : 2500,
       "count" : 0,
       "img" : "images/hotdog.gif"
     },
    "8" : {
       "id" : 8,
       "name" : "떡볶이",
       "price" : 2500,
       "count" : 0,
       "img" :" images/tteuck.jpg"
     },
    "9" : {
       "id" : 9,
       "name" : "만두튀김",
       "price" : 3000,
       "count" : 0,
       "img" : "images/mandu.jpg"
     },
    "10" : {
       "id" : 10,
       "name" : "제육덮밥",
       "price" : 4500,
       "count" : 0,
       "img" : "images/jaeyuk.jpg"
     },
    "11" : {
       "id" : 11,
       "name" : "콜라",
       "price" : 1500,
       "count" : 0,
       "img" : "images/COKE.jpg"
     },
    "12" : {
       "id" : 12,
       "name" : "자몽에이드",
       "price" : 3000,
       "count" : 0,
       "img" : "images/jamong.png"
     },
    "13" : {
       "id" : 13,
       "name" : "레몬에이드",
       "price" : 3000,
       "count" : 0,
       "img" : "images/lemon.jpg"
     }
   }
}